{
    "buildings": [
        {
            "name": "Takustraße 9",
            "floors": [
                {
                    "name": "Erdgeschoss",
                    "rooms": [
                        {
                            "name": "Hörsaal",
                            "x": 150,
                            "y": 50,
                            "a": 200,
                            "b": 200,
                            "seats": 200,
                            "classes": "Mo8 Di8 Mi8 Do8 Fr8 Mo10 Di10 Do10 Fr10 Mo12 Di12 Mi12 Do12 Fr12 Mo14 Di14 Do14 Fr14 Mo16 Di16 Mi16 Do16 Fr16"
                        },
                        {
                            "name": "SR 006",
                            "x": 0,
                            "y": 300,
                            "a": 100,
                            "b": 80,
                            "seats": 60,
                            "classes": "Mo8 Di8 Mi8 Mo10 Di10 Mi10 Mo12 Di12 Mi12 Fr12 Di14 Mi14 Do14 Fr14 Mo16 Di16 Mi16 Do16 Fr16 Mo18 Di18 Mi18 Do18 Fr18"
                        },
                        {
                            "name": "SR 005",
                            "x": 100,
                            "y": 300,
                            "a": 100,
                            "b": 80,
                            "seats": 50,
                            "classes": "Do8 Fr8 Mo10 Di10 Mi10 Do10 Fr10 Mo12 Di12 Mi12 Do12 Fr12 Mo14 Di14 Di16 Mi16 Do16 Fr16 Mo18 Di18 Mi18 Do18 Fr18"
                        },
                        {
                            "name": "SR 055",
                            "x": 220,
                            "y": 300,
                            "a": 90,
                            "b": 80,
                            "seats": 30,
                            "classes": "Mo8 Di8 Mi8 Do8 Fr8 Mo10 Di10 Mi10 Do10 Fr10 Mo12 Mi12 Do12 Fr12 Mo14 Di14 Mi14 Do14 Fr14 Mo16 Di16 Mi16 Do16 Fr16 Mo18 Di18 Mi18 Do18 Fr18"
                        },
                        {
                            "name": "SR 053",
                            "x": 310,
                            "y": 300,
                            "a": 110,
                            "b": 80,
                            "seats": 30,
                            "classes": "Mo8 Di8 Mi8 Do8 Fr8 Mo10 Di10 Mi10 Do10 Fr10 Mo12 Di12 Mi12 Do12 Mi14 Do14 Fr14 Mo16 Di16 Mi16 Do16 Fr16 Mo18 Di18 Mi18 Do18 Fr18"
                        },
                        {
                            "name": "SR 051",
                            "x": 400,
                            "y": 300,
                            "a": 90,
                            "b": 80,
                            "seats": 30,
                            "classes": "Mo8 Di8 Mi8 Do8 Fr8 Mo10 Mi14 Do14 Fr14 Mo16 Di16 Mi16 Do16 Fr16 Mo18 Di18 Mi18 Do18 Fr18"
                        },
                        {
                            "name": "SR 049",
                            "x": 490,
                            "y": 300,
                            "a": 110,
                            "b": 80,
                            "seats": 40,
                            "classes": "Mo8 Di8 Mi8 Do8 Do10 Fr10 Mo12 Mi12 Do12 Fr12 Mo14 Di14 Mi14 Di16 Mi16 Do16 Fr16 Mo18 Di18 Mi18 Do18 Fr18"
                        },
                        {
                            "name": "SR 046",
                            "x": 520,
                            "y": 180,
                            "a": 80,
                            "b": 100,
                            "seats": 35,
                            "classes": "Mo8 Di8 Mi8 Do8 Fr8 Mo10 Di10 Mi10 Do10 Mo12 Di12 Mi12 Mo14 Di14 Mi14 Fr14 Mo16 Di16 Mi16 Mo18 Do18 Fr18"
                        }
                    ]
                },
            
                {
                    "name": "Obergeschoss",
                    "rooms": [
                        {
                            "name": "Hörsaal",
                            "x": 150,
                            "y": 50,
                            "a": 200,
                            "b": 200,
                            "seats": 200,
                            "classes": "Mo8 Di8 Mi8 Do8 Fr8 Mo10 Di10 Do10 Fr10 Mo12 Di12 Mi12 Do12 Fr12 Mo14 Di14 Do14 Fr14 Mo16 Di16 Mi16 Do16 Fr16"
                        },
                        {
                            "name": "SR 006",
                            "x": 0,
                            "y": 300,
                            "a": 100,
                            "b": 80,
                            "seats": 60,
                            "classes": "Mo8 Di8 Mi8 Mo10 Di10 Mi10 Mo12 Di12 Mi12 Fr12 Di14 Mi14 Do14 Fr14 Mo16 Di16 Mi16 Do16 Fr16 Mo18 Di18 Mi18 Do18 Fr18"
                        },
                        {
                            "name": "SR 005",
                            "x": 100,
                            "y": 300,
                            "a": 100,
                            "b": 80,
                            "seats": 50,
                            "classes": "Do8 Fr8 Mo10 Di10 Mi10 Do10 Fr10 Mo12 Di12 Mi12 Do12 Fr12 Mo14 Di14 Di16 Mi16 Do16 Fr16 Mo18 Di18 Mi18 Do18 Fr18"
                        },
                        {
                            "name": "SR 055",
                            "x": 200,
                            "y": 300,
                            "a": 100,
                            "b": 80,
                            "seats": 30,
                            "classes": "Mo8 Di8 Mi8 Do8 Fr8 Mo10 Di10 Mi10 Do10 Fr10 Mo12 Mi12 Do12 Fr12 Mo14 Di14 Mi14 Do14 Fr14 Mo16 Di16 Mi16 Do16 Fr16 Mo18 Di18 Mi18 Do18 Fr18"
                        },
                        {
                            "name": "SR 053",
                            "x": 300,
                            "y": 300,
                            "a": 100,
                            "b": 80,
                            "seats": 30,
                            "classes": "Mo8 Di8 Mi8 Do8 Fr8 Mo10 Di10 Mi10 Do10 Fr10 Mo12 Di12 Mi12 Do12 Mi14 Do14 Fr14 Mo16 Di16 Mi16 Do16 Fr16 Mo18 Di18 Mi18 Do18 Fr18"
                        },
                        {
                            "name": "SR 051",
                            "x": 400,
                            "y": 300,
                            "a": 100,
                            "b": 80,
                            "seats": 30,
                            "classes": "Mo8 Di8 Mi8 Do8 Fr8 Mo10 Mi14 Do14 Fr14 Mo16 Di16 Mi16 Do16 Fr16 Mo18 Di18 Mi18 Do18 Fr18"
                        },
                        {
                            "name": "SR 049",
                            "x": 500,
                            "y": 300,
                            "a": 100,
                            "b": 80,
                            "seats": 40,
                            "classes": "Mo8 Di8 Mi8 Do8 Do10 Fr10 Mo12 Mi12 Do12 Fr12 Mo14 Di14 Mi14 Di16 Mi16 Do16 Fr16 Mo18 Di18 Mi18 Do18 Fr18"
                        },
                        {
                            "name": "SR 046",
                            "x": 520,
                            "y": 180,
                            "a": 80,
                            "b": 100,
                            "seats": 30,
                            "classes": "Mo8 Di8 Mi8 Do8 Fr8 Mo10 Di10 Mi10 Do10 Mo12 Di12 Mi12 Mo14 Di14 Mi14 Fr14 Mo16 Di16 Mi16 Mo18 Do18 Fr18"
                        }
                    ]
                },

                {
                    "name": "Keller",
                    "rooms": [
                        {
                            "name": "K40",
                            "x": 150,
                            "y": 50,
                            "a": 80,
                            "b": 100,
                            "seats": 25,
                            "classes": "Mo8 Di8 Mi8 Do8 Fr8 Do10 Fr10 Mo12 Di12 Mi12 Do14 Fr14 Mo16 Di16 Di18"
                        },
                        {
                            "name": "Pool A",
                            "x": 250,
                            "y": 50,
                            "a": 80,
                            "b": 100,
                            "seats": 20,
                            "classes": "Mo8 Di8 Mi8 Do8 Fr14 Mo16 Di16 Mi16 Do16 Fr16 Mo18 Di18 Mi18 Do18 Fr18"
                        },
                        {
                            "name": "Pool B",
                            "x": 250,
                            "y": 150,
                            "a": 80,
                            "b": 100,
                            "seats": 20,
                            "classes": "Mo8 Di8 Mi8 Do8 Fr8 Mo10 Di10 Mi10 Do10 Mo16 Di16 Mi16 Do16 Fr16 Mo18 Di18 Mi18 Do18 Fr18"
                        },
                        {
                            "name": "Pool C",
                            "x": 250,
                            "y": 250,
                            "a": 80,
                            "b": 100,
                            "seats": 20,
                            "classes": "Mo8 Di8 Mi8 Do8 Fr8 Mo10 Di10 Mi10 Do10 Fr10 Mo12 Di12 Mi12 Do12 Fr12 Mo14 Di14 Mi14 Do14 Fr14 Mo16 Di16 Mi16 Do16 Fr16 Mo18 Di18 Mi18 Do18 Fr18"
                        },
                        {
                            "name": "Pool D",
                            "x": 150,
                            "y": 250,
                            "a": 80,
                            "b": 100,
                            "seats": 20,
                            "classes": ""
                        },
                        {
                            "name": "Pool E",
                            "x": 150,
                            "y": 150,
                            "a": 80,
                            "b": 100,
                            "seats": 20,
                            "classes": "Mo8 Di8 Fr10 Mo12 Di12 Mi12 Do12 Fr12 Mo14 Di14 Mi14 Di18 Mi18 Do18 Fr18"
                        }
                    ]
                }
            ]
        },
        {
            "name": "Pi-Gebäude",
            "floors": [
                {
                    "name": "Erdgeschoss",
                    "rooms": [
                        {
                            "name": "037",
                            "x": 50,
                            "y": 100,
                            "a": 80,
                            "b": 100,
                            "seats": 25,
                            "classes": "Mo8 Di8 Mi8 Do8 Mi10 Do10 Fr10 Mo12 Di12 Mi12 Di14 Mi14 Do14 Fr14 Mo16 Di16 Do16 Fr16 Mo18 Di18 Do18 Fr18"
                        },
                        {
                            "name": "038",
                            "x": 50,
                            "y": 200,
                            "a": 80,
                            "b": 100,
                            "seats": 28,
                            "classes": "Mo8 Di8 Mi8 Do8 Fr8 Mo10 Di10 Mi10 Fr10 Mo12 Di12 Mi12 Do12 Mo14 Di14 Mi14 Do14 Fr14 Mo16 Di16 Mi16 Do16 Mo18 Di18 Mi18 Do18"
                        },
                        {
                            "name": "039",
                            "x": 50,
                            "y": 300,
                            "a": 80,
                            "b": 100,
                            "seats": 28,
                            "classes": "Mo8 Di8 Mi8 Do8 Fr8 Mo10 Di10 Mi10 Mi12 Do12 Fr12 Mo14 Do14 Fr14 Mo16 Di16 Mi16 Mi18 Do18 Fr18"
                        },
                        {
                            "name": "031",
                            "x": 300,
                            "y": 300,
                            "a": 130,
                            "b": 100,
                            "seats": 35,
                            "classes": "Mo8 Di8 Mi8 Di10 Mi10 Do10 Mo12 Di12 Do12 Fr12 Mo14 Di14 Mi14 Do14 Mi16 Do16 Fr16 Mo18 Mi18 Do18 Fr18"
                        },
                        {
                            "name": "032",
                            "x": 350,
                            "y": 200,
                            "a": 80,
                            "b": 100,
                            "seats": 28,
                            "classes": "Mo8 Fr8 Mo10 Di10 Mi10 Do10 Fr10 Mo12 Di12 Mi12 Do12 Fr12 Mo14 Di14 Fr14 Mo16 Di16 Mi16"
                        },
                        {
                            "name": "034/035",
                            "x": 300,
                            "y": 0,
                            "a": 130,
                            "b": 130,
                            "seats": 32,
                            "classes": "Mo8 Di8 Di10 Mi10 Do10 Fr10 Mi12 Do12 Fr12 Mo16 Di16 Mi16 Do16 Do18 Fr18"
                        }
                    ]
                }
            ]
        },
        {
            "name": "Arnimallee 3",
            "floors": [
                {
                    "name": "Erdgeschoss",
                    "rooms": [
                        {
                            "name": "037",
                            "x": 50,
                            "y": 100,
                            "a": 80,
                            "b": 100,
                            "seats": 25,
                            "classes": "Mo8 Di8 Mi8 Do8 Mi10 Do10 Fr10 Mo12 Di12 Mi12 Di14 Mi14 Do14 Fr14 Mo16 Di16 Do16 Fr16 Mo18 Di18 Do18 Fr18"
                        },
                        {
                            "name": "038",
                            "x": 50,
                            "y": 200,
                            "a": 80,
                            "b": 100,
                            "seats": 28,
                            "classes": "Mo8 Di8 Mi8 Do8 Fr8 Mo10 Di10 Mi10 Fr10 Mo12 Di12 Mi12 Do12 Mo14 Di14 Mi14 Do14 Fr14 Mo16 Di16 Mi16 Do16 Mo18 Di18 Mi18 Do18"
                        },
                        {
                            "name": "039",
                            "x": 50,
                            "y": 300,
                            "a": 80,
                            "b": 100,
                            "seats": 28,
                            "classes": "Mo8 Di8 Mi8 Do8 Fr8 Mo10 Di10 Mi10 Mi12 Do12 Fr12 Mo14 Do14 Fr14 Mo16 Di16 Mi16 Mi18 Do18 Fr18"
                        },
                        {
                            "name": "031",
                            "x": 300,
                            "y": 300,
                            "a": 130,
                            "b": 100,
                            "seats": 35,
                            "classes": "Mo8 Di8 Mi8 Di10 Mi10 Do10 Mo12 Di12 Do12 Fr12 Mo14 Di14 Mi14 Do14 Mi16 Do16 Fr16 Mo18 Mi18 Do18 Fr18"
                        },
                        {
                            "name": "032",
                            "x": 350,
                            "y": 200,
                            "a": 80,
                            "b": 100,
                            "seats": 28,
                            "classes": "Mo8 Fr8 Mo10 Di10 Mi10 Do10 Fr10 Mo12 Di12 Mi12 Do12 Fr12 Mo14 Di14 Fr14 Mo16 Di16 Mi16"
                        },
                        {
                            "name": "034/035",
                            "x": 300,
                            "y": 0,
                            "a": 130,
                            "b": 130,
                            "seats": 32,
                            "classes": "Mo8 Di8 Di10 Mi10 Do10 Fr10 Mi12 Do12 Fr12 Mo16 Di16 Mi16 Do16 Do18 Fr18"
                        }
                    ]
                },
                {
                    "name": "Obergeschoss",
                    "rooms": [
                        {
                            "name": "037",
                            "x": 50,
                            "y": 100,
                            "a": 80,
                            "b": 100,
                            "seats": 25,
                            "classes": "Mo8 Di8 Mi8 Do8 Mi10 Do10 Fr10 Mo12 Di12 Mi12 Di14 Mi14 Do14 Fr14 Mo16 Di16 Do16 Fr16 Mo18 Di18 Do18 Fr18"
                        },
                        {
                            "name": "038",
                            "x": 50,
                            "y": 200,
                            "a": 80,
                            "b": 100,
                            "seats": 28,
                            "classes": "Mo8 Di8 Mi8 Do8 Fr8 Mo10 Di10 Mi10 Fr10 Mo12 Di12 Mi12 Do12 Mo14 Di14 Mi14 Do14 Fr14 Mo16 Di16 Mi16 Do16 Mo18 Di18 Mi18 Do18"
                        },
                        {
                            "name": "039",
                            "x": 50,
                            "y": 300,
                            "a": 80,
                            "b": 100,
                            "seats": 28,
                            "classes": "Mo8 Di8 Mi8 Do8 Fr8 Mo10 Di10 Mi10 Mi12 Do12 Fr12 Mo14 Do14 Fr14 Mo16 Di16 Mi16 Mi18 Do18 Fr18"
                        },
                        {
                            "name": "031",
                            "x": 300,
                            "y": 300,
                            "a": 130,
                            "b": 100,
                            "seats": 35,
                            "classes": "Mo8 Di8 Mi8 Di10 Mi10 Do10 Mo12 Di12 Do12 Fr12 Mo14 Di14 Mi14 Do14 Mi16 Do16 Fr16 Mo18 Mi18 Do18 Fr18"
                        },
                        {
                            "name": "032",
                            "x": 350,
                            "y": 200,
                            "a": 80,
                            "b": 100,
                            "seats": 28,
                            "classes": "Mo8 Fr8 Mo10 Di10 Mi10 Do10 Fr10 Mo12 Di12 Mi12 Do12 Fr12 Mo14 Di14 Fr14 Mo16 Di16 Mi16"
                        },
                        {
                            "name": "034/035",
                            "x": 300,
                            "y": 0,
                            "a": 130,
                            "b": 130,
                            "seats": 32,
                            "classes": "Mo8 Di8 Di10 Mi10 Do10 Fr10 Mi12 Do12 Fr12 Mo16 Di16 Mi16 Do16 Do18 Fr18"
                        }
                    ]
                }
            ]
        },
        {
            "name": "Arnimallee 7",
            "floors": [
                {
                    "name": "Erdgeschoss",
                    "rooms": [
                        {
                            "name": "037",
                            "x": 50,
                            "y": 100,
                            "a": 80,
                            "b": 100,
                            "seats": 25,
                            "classes": "Mo8 Di8 Mi8 Do8 Mi10 Do10 Fr10 Mo12 Di12 Mi12 Di14 Mi14 Do14 Fr14 Mo16 Di16 Do16 Fr16 Mo18 Di18 Do18 Fr18"
                        },
                        {
                            "name": "038",
                            "x": 50,
                            "y": 200,
                            "a": 80,
                            "b": 100,
                            "seats": 28,
                            "classes": "Mo8 Di8 Mi8 Do8 Fr8 Mo10 Di10 Mi10 Fr10 Mo12 Di12 Mi12 Do12 Mo14 Di14 Mi14 Do14 Fr14 Mo16 Di16 Mi16 Do16 Mo18 Di18 Mi18 Do18"
                        },
                        {
                            "name": "039",
                            "x": 50,
                            "y": 300,
                            "a": 80,
                            "b": 100,
                            "seats": 28,
                            "classes": "Mo8 Di8 Mi8 Do8 Fr8 Mo10 Di10 Mi10 Mi12 Do12 Fr12 Mo14 Do14 Fr14 Mo16 Di16 Mi16 Mi18 Do18 Fr18"
                        },
                        {
                            "name": "031",
                            "x": 300,
                            "y": 300,
                            "a": 130,
                            "b": 100,
                            "seats": 35,
                            "classes": "Mo8 Di8 Mi8 Di10 Mi10 Do10 Mo12 Di12 Do12 Fr12 Mo14 Di14 Mi14 Do14 Mi16 Do16 Fr16 Mo18 Mi18 Do18 Fr18"
                        },
                        {
                            "name": "032",
                            "x": 350,
                            "y": 200,
                            "a": 80,
                            "b": 100,
                            "seats": 28,
                            "classes": "Mo8 Fr8 Mo10 Di10 Mi10 Do10 Fr10 Mo12 Di12 Mi12 Do12 Fr12 Mo14 Di14 Fr14 Mo16 Di16 Mi16"
                        },
                        {
                            "name": "034/035",
                            "x": 300,
                            "y": 0,
                            "a": 130,
                            "b": 130,
                            "seats": 32,
                            "classes": "Mo8 Di8 Di10 Mi10 Do10 Fr10 Mi12 Do12 Fr12 Mo16 Di16 Mi16 Do16 Do18 Fr18"
                        }
                    ]
                },
                {
                    "name": "Obergeschoss",
                    "rooms": [
                        {
                            "name": "037",
                            "x": 50,
                            "y": 100,
                            "a": 80,
                            "b": 100,
                            "seats": 25,
                            "classes": "Mo8 Di8 Mi8 Do8 Mi10 Do10 Fr10 Mo12 Di12 Mi12 Di14 Mi14 Do14 Fr14 Mo16 Di16 Do16 Fr16 Mo18 Di18 Do18 Fr18"
                        },
                        {
                            "name": "038",
                            "x": 50,
                            "y": 200,
                            "a": 80,
                            "b": 100,
                            "seats": 28,
                            "classes": "Mo8 Di8 Mi8 Do8 Fr8 Mo10 Di10 Mi10 Fr10 Mo12 Di12 Mi12 Do12 Mo14 Di14 Mi14 Do14 Fr14 Mo16 Di16 Mi16 Do16 Mo18 Di18 Mi18 Do18"
                        },
                        {
                            "name": "039",
                            "x": 50,
                            "y": 300,
                            "a": 80,
                            "b": 100,
                            "seats": 28,
                            "classes": "Mo8 Di8 Mi8 Do8 Fr8 Mo10 Di10 Mi10 Mi12 Do12 Fr12 Mo14 Do14 Fr14 Mo16 Di16 Mi16 Mi18 Do18 Fr18"
                        },
                        {
                            "name": "031",
                            "x": 300,
                            "y": 300,
                            "a": 130,
                            "b": 100,
                            "seats": 35,
                            "classes": "Mo8 Di8 Mi8 Di10 Mi10 Do10 Mo12 Di12 Do12 Fr12 Mo14 Di14 Mi14 Do14 Mi16 Do16 Fr16 Mo18 Mi18 Do18 Fr18"
                        },
                        {
                            "name": "032",
                            "x": 350,
                            "y": 200,
                            "a": 80,
                            "b": 100,
                            "seats": 28,
                            "classes": "Mo8 Fr8 Mo10 Di10 Mi10 Do10 Fr10 Mo12 Di12 Mi12 Do12 Fr12 Mo14 Di14 Fr14 Mo16 Di16 Mi16"
                        },
                        {
                            "name": "034/035",
                            "x": 300,
                            "y": 0,
                            "a": 130,
                            "b": 130,
                            "seats": 32,
                            "classes": "Mo8 Di8 Di10 Mi10 Do10 Fr10 Mi12 Do12 Fr12 Mo16 Di16 Mi16 Do16 Do18 Fr18"
                        }
                    ]
                }
            ]
        }
 
    ]
}

